v3,Target,OBC,Local Var,,,,,,,,,,,,,,,,,
,PacketID,0x78,,,,,,,,,,,,,,,,,,
,Enable/Disable,ENABLE,,,,,,,,,,,,,,,,,,
,IsRestricted,FALSE,,,,,,,,,,,,,,,,,,
,,,,,,,,,,,,,,,,,,,,
Comment,TLM Field,Onboard Software Info.,,Extraction Info.,,,,Conversion Info.,,,,,,,,Display Info.,,,Description,Note
,Name,Var.##Type,Variable or Function Name,Field##Type,Pos. Designator,,,Conv.##Type,Poly (Î£a_i * x^i),,,,,,Status,Label,Unit,Format,,
,,,,,Octet##Pos.,bit##Pos.,bit##Len.,,a0,a1,a2,a3,a4,a5,,,,,,
,PH.VER,uint16_t,,uint8_t,0,0,3,NONE,,,,,,,,,,,,
,PH.TYPE,||,,uint8_t,=R[-1]C+INT((R[-1]C[1]+R[-1]C[2])/8),=MOD((R[-1]C+R[-1]C[1])@@8),1,NONE,,,,,,,,,,,,
,PH.SH_FLAG,||,,uint8_t,=R[-1]C+INT((R[-1]C[1]+R[-1]C[2])/8),=MOD((R[-1]C+R[-1]C[1])@@8),1,NONE,,,,,,,,,,,,
,PH.APID,||,,uint16_t,=R[-1]C+INT((R[-1]C[1]+R[-1]C[2])/8),=MOD((R[-1]C+R[-1]C[1])@@8),11,NONE,,,,,,,,,,,,
,PH.SEQ_FLAG,uint16_t,,uint8_t,=R[-1]C+INT((R[-1]C[1]+R[-1]C[2])/8),=MOD((R[-1]C+R[-1]C[1])@@8),2,NONE,,,,,,,,,,,,
,PH.SEQ_COUNT,||,,uint16_t,=R[-1]C+INT((R[-1]C[1]+R[-1]C[2])/8),=MOD((R[-1]C+R[-1]C[1])@@8),14,NONE,,,,,,,,,,,,
,PH.PACKET_LEN,uint16_t,,uint16_t,=R[-1]C+INT((R[-1]C[1]+R[-1]C[2])/8),=MOD((R[-1]C+R[-1]C[1])@@8),=IF(OR(EXACT(RC[-5]@@"uint8_t")@@EXACT(RC[-5]@@"int8_t"))@@8@@IF(OR(EXACT(RC[-5]@@"uint16_t")@@EXACT(RC[-5]@@"int16_t"))@@16@@IF(OR(EXACT(RC[-5]@@"uint32_t")@@EXACT(RC[-5]@@"int32_t")@@EXACT(RC[-5]@@"float"))@@32@@IF(EXACT(RC[-5]@@"double")@@64@@IF(EXACT(RC[-5]@@"raw")@@" "))))),NONE,,,,,,,,,,,,
,SH.VER,uint8_t,,uint8_t,=R[-1]C+INT((R[-1]C[1]+R[-1]C[2])/8),=MOD((R[-1]C+R[-1]C[1])@@8),=IF(OR(EXACT(RC[-5]@@"uint8_t")@@EXACT(RC[-5]@@"int8_t"))@@8@@IF(OR(EXACT(RC[-5]@@"uint16_t")@@EXACT(RC[-5]@@"int16_t"))@@16@@IF(OR(EXACT(RC[-5]@@"uint32_t")@@EXACT(RC[-5]@@"int32_t")@@EXACT(RC[-5]@@"float"))@@32@@IF(EXACT(RC[-5]@@"double")@@64@@IF(EXACT(RC[-5]@@"raw")@@" "))))),NONE,,,,,,,,,,,,
,SH.TI,uint32_t,,uint32_t,=R[-1]C+INT((R[-1]C[1]+R[-1]C[2])/8),=MOD((R[-1]C+R[-1]C[1])@@8),=IF(OR(EXACT(RC[-5]@@"uint8_t")@@EXACT(RC[-5]@@"int8_t"))@@8@@IF(OR(EXACT(RC[-5]@@"uint16_t")@@EXACT(RC[-5]@@"int16_t"))@@16@@IF(OR(EXACT(RC[-5]@@"uint32_t")@@EXACT(RC[-5]@@"int32_t")@@EXACT(RC[-5]@@"float"))@@32@@IF(EXACT(RC[-5]@@"double")@@64@@IF(EXACT(RC[-5]@@"raw")@@" "))))),NONE,,,,,,,,,,,,
,SH.TLM_ID,uint8_t,,uint8_t,=R[-1]C+INT((R[-1]C[1]+R[-1]C[2])/8),=MOD((R[-1]C+R[-1]C[1])@@8),=IF(OR(EXACT(RC[-5]@@"uint8_t")@@EXACT(RC[-5]@@"int8_t"))@@8@@IF(OR(EXACT(RC[-5]@@"uint16_t")@@EXACT(RC[-5]@@"int16_t"))@@16@@IF(OR(EXACT(RC[-5]@@"uint32_t")@@EXACT(RC[-5]@@"int32_t")@@EXACT(RC[-5]@@"float"))@@32@@IF(EXACT(RC[-5]@@"double")@@64@@IF(EXACT(RC[-5]@@"raw")@@" "))))),HEX,,,,,,,,,,,,
,SH.GLOBAL_TIME,double,,double,=R[-1]C+INT((R[-1]C[1]+R[-1]C[2])/8),=MOD((R[-1]C+R[-1]C[1])@@8),=IF(OR(EXACT(RC[-5]@@"uint8_t")@@EXACT(RC[-5]@@"int8_t"))@@8@@IF(OR(EXACT(RC[-5]@@"uint16_t")@@EXACT(RC[-5]@@"int16_t"))@@16@@IF(OR(EXACT(RC[-5]@@"uint32_t")@@EXACT(RC[-5]@@"int32_t")@@EXACT(RC[-5]@@"float"))@@32@@IF(EXACT(RC[-5]@@"double")@@64@@IF(EXACT(RC[-5]@@"raw")@@" "))))),NONE,,,,,,,,,,,,
,SH.ON_BOARD_SUBNET_TIME,uint32_t,,uint32_t,=R[-1]C+INT((R[-1]C[1]+R[-1]C[2])/8),=MOD((R[-1]C+R[-1]C[1])@@8),=IF(OR(EXACT(RC[-5]@@"uint8_t")@@EXACT(RC[-5]@@"int8_t"))@@8@@IF(OR(EXACT(RC[-5]@@"uint16_t")@@EXACT(RC[-5]@@"int16_t"))@@16@@IF(OR(EXACT(RC[-5]@@"uint32_t")@@EXACT(RC[-5]@@"int32_t")@@EXACT(RC[-5]@@"float"))@@32@@IF(EXACT(RC[-5]@@"double")@@64@@IF(EXACT(RC[-5]@@"raw")@@" "))))),NONE,,,,,,,,,,,,
,SH.DEST_FLAGS,uint8_t,,uint8_t,=R[-1]C+INT((R[-1]C[1]+R[-1]C[2])/8),=MOD((R[-1]C+R[-1]C[1])@@8),=IF(OR(EXACT(RC[-5]@@"uint8_t")@@EXACT(RC[-5]@@"int8_t"))@@8@@IF(OR(EXACT(RC[-5]@@"uint16_t")@@EXACT(RC[-5]@@"int16_t"))@@16@@IF(OR(EXACT(RC[-5]@@"uint32_t")@@EXACT(RC[-5]@@"int32_t")@@EXACT(RC[-5]@@"float"))@@32@@IF(EXACT(RC[-5]@@"double")@@64@@IF(EXACT(RC[-5]@@"raw")@@" "))))),HEX,,,,,,,,,,,,
,SH.DEST_INFO,uint8_t,,uint8_t,=R[-1]C+INT((R[-1]C[1]+R[-1]C[2])/8),=MOD((R[-1]C+R[-1]C[1])@@8),=IF(OR(EXACT(RC[-5]@@"uint8_t")@@EXACT(RC[-5]@@"int8_t"))@@8@@IF(OR(EXACT(RC[-5]@@"uint16_t")@@EXACT(RC[-5]@@"int16_t"))@@16@@IF(OR(EXACT(RC[-5]@@"uint32_t")@@EXACT(RC[-5]@@"int32_t")@@EXACT(RC[-5]@@"float"))@@32@@IF(EXACT(RC[-5]@@"double")@@64@@IF(EXACT(RC[-5]@@"raw")@@" "))))),NONE,,,,,,,,,,,,
,CCSDS.RX.REC_STATUS,uint8_t,(uint8_t)gs_driver->info[0].rx.rec_status,uint8_t,=R[-1]C+INT((R[-1]C[1]+R[-1]C[2])/8),=MOD((R[-1]C+R[-1]C[1])@@8),=IF(OR(EXACT(RC[-5]@@"uint8_t")@@EXACT(RC[-5]@@"int8_t"))@@8@@IF(OR(EXACT(RC[-5]@@"uint16_t")@@EXACT(RC[-5]@@"int16_t"))@@16@@IF(OR(EXACT(RC[-5]@@"uint32_t")@@EXACT(RC[-5]@@"int32_t")@@EXACT(RC[-5]@@"float"))@@32@@IF(EXACT(RC[-5]@@"double")@@64@@IF(EXACT(RC[-5]@@"raw")@@" "))))),STATUS,,,,,,,0=OK@@ 1=ERROR,,,,,
,CCSDS.RX.RET_FROM_HAL_RX,int32_t,(int32_t)gs_driver->info[0].rx.ret_from_hal_rx,int32_t,=R[-1]C+INT((R[-1]C[1]+R[-1]C[2])/8),=MOD((R[-1]C+R[-1]C[1])@@8),=IF(OR(EXACT(RC[-5]@@"uint8_t")@@EXACT(RC[-5]@@"int8_t"))@@8@@IF(OR(EXACT(RC[-5]@@"uint16_t")@@EXACT(RC[-5]@@"int16_t"))@@16@@IF(OR(EXACT(RC[-5]@@"uint32_t")@@EXACT(RC[-5]@@"int32_t")@@EXACT(RC[-5]@@"float"))@@32@@IF(EXACT(RC[-5]@@"double")@@64@@IF(EXACT(RC[-5]@@"raw")@@" "))))),NONE,,,,,,,,,,,,
,CCSDS.RX.LAST_DEST_TYPE,uint8_t,(uint8_t)gs_driver->info[0].rx.last_dest_type,uint8_t,=R[-1]C+INT((R[-1]C[1]+R[-1]C[2])/8),=MOD((R[-1]C+R[-1]C[1])@@8),=IF(OR(EXACT(RC[-5]@@"uint8_t")@@EXACT(RC[-5]@@"int8_t"))@@8@@IF(OR(EXACT(RC[-5]@@"uint16_t")@@EXACT(RC[-5]@@"int16_t"))@@16@@IF(OR(EXACT(RC[-5]@@"uint32_t")@@EXACT(RC[-5]@@"int32_t")@@EXACT(RC[-5]@@"float"))@@32@@IF(EXACT(RC[-5]@@"double")@@64@@IF(EXACT(RC[-5]@@"raw")@@" "))))),STATUS,,,,,,,0=ME@@ 1=MOBC@@ 2=AOBC@@ 3=TOBC@@ 4=UNKNOWN,,,,,
,CCSDS.RX.LAST_REC_TIME,uint32_t,(uint32_t)gs_driver->info[0].rx.last_rec_time,uint32_t,=R[-1]C+INT((R[-1]C[1]+R[-1]C[2])/8),=MOD((R[-1]C+R[-1]C[1])@@8),=IF(OR(EXACT(RC[-5]@@"uint8_t")@@EXACT(RC[-5]@@"int8_t"))@@8@@IF(OR(EXACT(RC[-5]@@"uint16_t")@@EXACT(RC[-5]@@"int16_t"))@@16@@IF(OR(EXACT(RC[-5]@@"uint32_t")@@EXACT(RC[-5]@@"int32_t")@@EXACT(RC[-5]@@"float"))@@32@@IF(EXACT(RC[-5]@@"double")@@64@@IF(EXACT(RC[-5]@@"raw")@@" "))))),NONE,,,,,,,,,,,,
,CCSDS.RX.CMD_ACK,uint8_t,(uint8_t)gs_driver->info[0].rx.cmd_ack,uint8_t,=R[-1]C+INT((R[-1]C[1]+R[-1]C[2])/8),=MOD((R[-1]C+R[-1]C[1])@@8),=IF(OR(EXACT(RC[-5]@@"uint8_t")@@EXACT(RC[-5]@@"int8_t"))@@8@@IF(OR(EXACT(RC[-5]@@"uint16_t")@@EXACT(RC[-5]@@"int16_t"))@@16@@IF(OR(EXACT(RC[-5]@@"uint32_t")@@EXACT(RC[-5]@@"int32_t")@@EXACT(RC[-5]@@"float"))@@32@@IF(EXACT(RC[-5]@@"double")@@64@@IF(EXACT(RC[-5]@@"raw")@@" "))))),STATUS,,,,,,,0=SUCCESS@@ 1=FORWARDED@@ 2=LIST_FULL@@ 3=PACKET_NOT_FOUND@@ 4=INVALID_PACKET@@ 5=TLC_SUCCESS@@ 6=TLC_PAST_TIME@@ 7=TLC_ALREADY_EXISTS@@  8=BC_SUCCESS@@ 9=BC_INVALID_BLOCK_NO@@ 10=BC_ISORATED_CMD@@ 11=BC_CMD_TOO_LONG@@ 12=UNKNOWN,,,,,
,CCSDS.TCTF.LAST_REC_TCTF_TYPE,uint8_t,(uint8_t)gs_driver->info[0].rx.tctf.last_rec_tctf_type,uint8_t,=R[-1]C+INT((R[-1]C[1]+R[-1]C[2])/8),=MOD((R[-1]C+R[-1]C[1])@@8),=IF(OR(EXACT(RC[-5]@@"uint8_t")@@EXACT(RC[-5]@@"int8_t"))@@8@@IF(OR(EXACT(RC[-5]@@"uint16_t")@@EXACT(RC[-5]@@"int16_t"))@@16@@IF(OR(EXACT(RC[-5]@@"uint32_t")@@EXACT(RC[-5]@@"int32_t")@@EXACT(RC[-5]@@"float"))@@32@@IF(EXACT(RC[-5]@@"double")@@64@@IF(EXACT(RC[-5]@@"raw")@@" "))))),STATUS,,,,,,,0=AD@@ 2=BD@@ 3=BC@@ *=UNKNOWN,,,,,
,CCSDS.TCTF.AD_REC_STATUS,uint8_t,(uint8_t)gs_driver->info[0].rx.tctf.ad_rec_status,uint8_t,=R[-1]C+INT((R[-1]C[1]+R[-1]C[2])/8),=MOD((R[-1]C+R[-1]C[1])@@8),=IF(OR(EXACT(RC[-5]@@"uint8_t")@@EXACT(RC[-5]@@"int8_t"))@@8@@IF(OR(EXACT(RC[-5]@@"uint16_t")@@EXACT(RC[-5]@@"int16_t"))@@16@@IF(OR(EXACT(RC[-5]@@"uint32_t")@@EXACT(RC[-5]@@"int32_t")@@EXACT(RC[-5]@@"float"))@@32@@IF(EXACT(RC[-5]@@"double")@@64@@IF(EXACT(RC[-5]@@"raw")@@" "))))),STATUS,,,,,,,0=SUCCESS@@ 1=TCTF_VER@@ 2=TCTF_SCID@@ 3=TCTF_VCID@@ 4=TCTF_TYPE@@ 5=LOCKOUT@@ 6=TCTF_SEQ_FLAG@@ 7=TCP_VER@@ 8=TCP_2ND_HDR_FLAG@@ 9=APID@@ 10=TCP_TYPE_IS_NOT_CMD@@ 11=TCP_SEQ_IS_NOTE_SINGLE@@ 12=FECW_MISSMATCH@@ 13=FARM1_PWA@@ 14=FARM1_NWA@@ 15=FARM1_LOCKOUT_AREA@@ 16=FARM1_SAME_NUMBER@@ 17=INVALID_BC_CMD,,,,,
,CCSDS.TCTF.BC_REC_STATUS,uint8_t,(uint8_t)gs_driver->info[0].rx.tctf.bc_rec_status,uint8_t,=R[-1]C+INT((R[-1]C[1]+R[-1]C[2])/8),=MOD((R[-1]C+R[-1]C[1])@@8),=IF(OR(EXACT(RC[-5]@@"uint8_t")@@EXACT(RC[-5]@@"int8_t"))@@8@@IF(OR(EXACT(RC[-5]@@"uint16_t")@@EXACT(RC[-5]@@"int16_t"))@@16@@IF(OR(EXACT(RC[-5]@@"uint32_t")@@EXACT(RC[-5]@@"int32_t")@@EXACT(RC[-5]@@"float"))@@32@@IF(EXACT(RC[-5]@@"double")@@64@@IF(EXACT(RC[-5]@@"raw")@@" "))))),STATUS,,,,,,,0=SUCCESS@@ 1=TCTF_VER@@ 2=TCTF_SCID@@ 3=TCTF_VCID@@ 4=TCTF_TYPE@@ 5=LOCKOUT@@ 6=TCTF_SEQ_FLAG@@ 7=TCP_VER@@ 8=TCP_2ND_HDR_FLAG@@ 9=APID@@ 10=TCP_TYPE_IS_NOT_CMD@@ 11=TCP_SEQ_IS_NOTE_SINGLE@@ 12=FECW_MISSMATCH@@ 13=FARM1_PWA@@ 14=FARM1_NWA@@ 15=FARM1_LOCKOUT_AREA@@ 16=FARM1_SAME_NUMBER@@ 17=INVALID_BC_CMD,,,,,
,CCSDS.TCTF.BD_REC_STATUS,uint8_t,(uint8_t)gs_driver->info[0].rx.tctf.bd_rec_status,uint8_t,=R[-1]C+INT((R[-1]C[1]+R[-1]C[2])/8),=MOD((R[-1]C+R[-1]C[1])@@8),=IF(OR(EXACT(RC[-5]@@"uint8_t")@@EXACT(RC[-5]@@"int8_t"))@@8@@IF(OR(EXACT(RC[-5]@@"uint16_t")@@EXACT(RC[-5]@@"int16_t"))@@16@@IF(OR(EXACT(RC[-5]@@"uint32_t")@@EXACT(RC[-5]@@"int32_t")@@EXACT(RC[-5]@@"float"))@@32@@IF(EXACT(RC[-5]@@"double")@@64@@IF(EXACT(RC[-5]@@"raw")@@" "))))),STATUS,,,,,,,0=SUCCESS@@ 1=TCTF_VER@@ 2=TCTF_SCID@@ 3=TCTF_VCID@@ 4=TCTF_TYPE@@ 5=LOCKOUT@@ 6=TCTF_SEQ_FLAG@@ 7=TCP_VER@@ 8=TCP_2ND_HDR_FLAG@@ 9=APID@@ 10=TCP_TYPE_IS_NOT_CMD@@ 11=TCP_SEQ_IS_NOTE_SINGLE@@ 12=FECW_MISSMATCH@@ 13=FARM1_PWA@@ 14=FARM1_NWA@@ 15=FARM1_LOCKOUT_AREA@@ 16=FARM1_SAME_NUMBER@@ 17=INVALID_BC_CMD,,,,,
,CCSDS.TX.SEND_CYCLE,uint32_t,(uint32_t)gs_driver->info[0].tx.send_cycle,uint32_t,=R[-1]C+INT((R[-1]C[1]+R[-1]C[2])/8),=MOD((R[-1]C+R[-1]C[1])@@8),=IF(OR(EXACT(RC[-5]@@"uint8_t")@@EXACT(RC[-5]@@"int8_t"))@@8@@IF(OR(EXACT(RC[-5]@@"uint16_t")@@EXACT(RC[-5]@@"int16_t"))@@16@@IF(OR(EXACT(RC[-5]@@"uint32_t")@@EXACT(RC[-5]@@"int32_t")@@EXACT(RC[-5]@@"float"))@@32@@IF(EXACT(RC[-5]@@"double")@@64@@IF(EXACT(RC[-5]@@"raw")@@" "))))),NONE,,,,,,,,,,,,
,CCSDS.TX.VCID,uint8_t,(uint8_t)gs_driver->info[0].tx.vcid,uint8_t,=R[-1]C+INT((R[-1]C[1]+R[-1]C[2])/8),=MOD((R[-1]C+R[-1]C[1])@@8),=IF(OR(EXACT(RC[-5]@@"uint8_t")@@EXACT(RC[-5]@@"int8_t"))@@8@@IF(OR(EXACT(RC[-5]@@"uint16_t")@@EXACT(RC[-5]@@"int16_t"))@@16@@IF(OR(EXACT(RC[-5]@@"uint32_t")@@EXACT(RC[-5]@@"int32_t")@@EXACT(RC[-5]@@"float"))@@32@@IF(EXACT(RC[-5]@@"double")@@64@@IF(EXACT(RC[-5]@@"raw")@@" "))))),STATUS,,,,,,,1=REALTIME@@2=REPLAY@@63=FILL@@*=UNKNOWN,,,,,
,CCSDS.TX.AOSTF_COUNTER,uint32_t,gs_driver->info[0].tx.aostf_counter,uint32_t,=R[-1]C+INT((R[-1]C[1]+R[-1]C[2])/8),=MOD((R[-1]C+R[-1]C[1])@@8),=IF(OR(EXACT(RC[-5]@@"uint8_t")@@EXACT(RC[-5]@@"int8_t"))@@8@@IF(OR(EXACT(RC[-5]@@"uint16_t")@@EXACT(RC[-5]@@"int16_t"))@@16@@IF(OR(EXACT(RC[-5]@@"uint32_t")@@EXACT(RC[-5]@@"int32_t")@@EXACT(RC[-5]@@"float"))@@32@@IF(EXACT(RC[-5]@@"double")@@64@@IF(EXACT(RC[-5]@@"raw")@@" "))))),NONE,,,,,,,,,,,,
,CCSDS.TX.BUFFER_NUM,uint8_t,gs_driver->ccsds_info.buffer_num,uint8_t,=R[-1]C+INT((R[-1]C[1]+R[-1]C[2])/8),=MOD((R[-1]C+R[-1]C[1])@@8),=IF(OR(EXACT(RC[-5]@@"uint8_t")@@EXACT(RC[-5]@@"int8_t"))@@8@@IF(OR(EXACT(RC[-5]@@"uint16_t")@@EXACT(RC[-5]@@"int16_t"))@@16@@IF(OR(EXACT(RC[-5]@@"uint32_t")@@EXACT(RC[-5]@@"int32_t")@@EXACT(RC[-5]@@"float"))@@32@@IF(EXACT(RC[-5]@@"double")@@64@@IF(EXACT(RC[-5]@@"raw")@@" "))))),NONE,,,,,,,,,,,,
,UART.CH,uint8_t,gs_driver->driver_uart.uart_config.ch,uint8_t,=R[-1]C+INT((R[-1]C[1]+R[-1]C[2])/8),=MOD((R[-1]C+R[-1]C[1])@@8),=IF(OR(EXACT(RC[-5]@@"uint8_t")@@EXACT(RC[-5]@@"int8_t"))@@8@@IF(OR(EXACT(RC[-5]@@"uint16_t")@@EXACT(RC[-5]@@"int16_t"))@@16@@IF(OR(EXACT(RC[-5]@@"uint32_t")@@EXACT(RC[-5]@@"int32_t")@@EXACT(RC[-5]@@"float"))@@32@@IF(EXACT(RC[-5]@@"double")@@64@@IF(EXACT(RC[-5]@@"raw")@@" "))))),NONE,,,,,,,,,,,,
,UART.BAUDRATE,uint32_t,gs_driver->driver_uart.uart_config.baudrate,uint32_t,=R[-1]C+INT((R[-1]C[1]+R[-1]C[2])/8),=MOD((R[-1]C+R[-1]C[1])@@8),=IF(OR(EXACT(RC[-5]@@"uint8_t")@@EXACT(RC[-5]@@"int8_t"))@@8@@IF(OR(EXACT(RC[-5]@@"uint16_t")@@EXACT(RC[-5]@@"int16_t"))@@16@@IF(OR(EXACT(RC[-5]@@"uint32_t")@@EXACT(RC[-5]@@"int32_t")@@EXACT(RC[-5]@@"float"))@@32@@IF(EXACT(RC[-5]@@"double")@@64@@IF(EXACT(RC[-5]@@"raw")@@" "))))),NONE,,,,,,,,,,,,
,UART.PARITY,uint8_t,(uint8_t)gs_driver->driver_uart.uart_config.parity_settings,uint8_t,=R[-1]C+INT((R[-1]C[1]+R[-1]C[2])/8),=MOD((R[-1]C+R[-1]C[1])@@8),=IF(OR(EXACT(RC[-5]@@"uint8_t")@@EXACT(RC[-5]@@"int8_t"))@@8@@IF(OR(EXACT(RC[-5]@@"uint16_t")@@EXACT(RC[-5]@@"int16_t"))@@16@@IF(OR(EXACT(RC[-5]@@"uint32_t")@@EXACT(RC[-5]@@"int32_t")@@EXACT(RC[-5]@@"float"))@@32@@IF(EXACT(RC[-5]@@"double")@@64@@IF(EXACT(RC[-5]@@"raw")@@" "))))),STATUS,,,,,,,0=NONE@@ 1=ODD@@ 2=EVEN@@ 3=MARK@@ 4 =SPACE,,,,,
,UART.DATA_LENGTH,uint8_t,(uint8_t)gs_driver->driver_uart.uart_config.data_length,uint8_t,=R[-1]C+INT((R[-1]C[1]+R[-1]C[2])/8),=MOD((R[-1]C+R[-1]C[1])@@8),=IF(OR(EXACT(RC[-5]@@"uint8_t")@@EXACT(RC[-5]@@"int8_t"))@@8@@IF(OR(EXACT(RC[-5]@@"uint16_t")@@EXACT(RC[-5]@@"int16_t"))@@16@@IF(OR(EXACT(RC[-5]@@"uint32_t")@@EXACT(RC[-5]@@"int32_t")@@EXACT(RC[-5]@@"float"))@@32@@IF(EXACT(RC[-5]@@"double")@@64@@IF(EXACT(RC[-5]@@"raw")@@" "))))),STATUS,,,,,,,0=7bit@@ 1 =8bit,,,,,
,UART.STOP_BIT,uint8_t,(uint8_t)gs_driver->driver_uart.uart_config.stop_bit,uint8_t,=R[-1]C+INT((R[-1]C[1]+R[-1]C[2])/8),=MOD((R[-1]C+R[-1]C[1])@@8),=IF(OR(EXACT(RC[-5]@@"uint8_t")@@EXACT(RC[-5]@@"int8_t"))@@8@@IF(OR(EXACT(RC[-5]@@"uint16_t")@@EXACT(RC[-5]@@"int16_t"))@@16@@IF(OR(EXACT(RC[-5]@@"uint32_t")@@EXACT(RC[-5]@@"int32_t")@@EXACT(RC[-5]@@"float"))@@32@@IF(EXACT(RC[-5]@@"double")@@64@@IF(EXACT(RC[-5]@@"raw")@@" "))))),STATUS,,,,,,,0=1bit@@ 1=1.5bit@@ 2=2bit,,,,,
,UART.RX.REC_STATUS,uint8_t,(uint8_t)gs_driver->info[1].rx.rec_status,uint8_t,=R[-1]C+INT((R[-1]C[1]+R[-1]C[2])/8),=MOD((R[-1]C+R[-1]C[1])@@8),=IF(OR(EXACT(RC[-5]@@"uint8_t")@@EXACT(RC[-5]@@"int8_t"))@@8@@IF(OR(EXACT(RC[-5]@@"uint16_t")@@EXACT(RC[-5]@@"int16_t"))@@16@@IF(OR(EXACT(RC[-5]@@"uint32_t")@@EXACT(RC[-5]@@"int32_t")@@EXACT(RC[-5]@@"float"))@@32@@IF(EXACT(RC[-5]@@"double")@@64@@IF(EXACT(RC[-5]@@"raw")@@" "))))),STATUS,,,,,,,0=OK@@ 1=ERROR,,,,,
,UART.RX.RET_FROM_HAL_RX,int32_t,(int32_t)gs_driver->info[1].rx.ret_from_hal_rx,int32_t,=R[-1]C+INT((R[-1]C[1]+R[-1]C[2])/8),=MOD((R[-1]C+R[-1]C[1])@@8),=IF(OR(EXACT(RC[-5]@@"uint8_t")@@EXACT(RC[-5]@@"int8_t"))@@8@@IF(OR(EXACT(RC[-5]@@"uint16_t")@@EXACT(RC[-5]@@"int16_t"))@@16@@IF(OR(EXACT(RC[-5]@@"uint32_t")@@EXACT(RC[-5]@@"int32_t")@@EXACT(RC[-5]@@"float"))@@32@@IF(EXACT(RC[-5]@@"double")@@64@@IF(EXACT(RC[-5]@@"raw")@@" "))))),NONE,,,,,,,,,,,,
,UART.RX.LAST_DEST_TYPE,uint8_t,(uint8_t)gs_driver->info[1].rx.last_dest_type,uint8_t,=R[-1]C+INT((R[-1]C[1]+R[-1]C[2])/8),=MOD((R[-1]C+R[-1]C[1])@@8),=IF(OR(EXACT(RC[-5]@@"uint8_t")@@EXACT(RC[-5]@@"int8_t"))@@8@@IF(OR(EXACT(RC[-5]@@"uint16_t")@@EXACT(RC[-5]@@"int16_t"))@@16@@IF(OR(EXACT(RC[-5]@@"uint32_t")@@EXACT(RC[-5]@@"int32_t")@@EXACT(RC[-5]@@"float"))@@32@@IF(EXACT(RC[-5]@@"double")@@64@@IF(EXACT(RC[-5]@@"raw")@@" "))))),STATUS,,,,,,,0=ME@@ 1=MOBC@@ 2=AOBC@@ 3=TOBC@@ 4=UNKNOWN,,,,,
,UART.RX.LAST_REC_TIME,uint32_t,(uint32_t)gs_driver->info[1].rx.last_rec_time,uint32_t,=R[-1]C+INT((R[-1]C[1]+R[-1]C[2])/8),=MOD((R[-1]C+R[-1]C[1])@@8),=IF(OR(EXACT(RC[-5]@@"uint8_t")@@EXACT(RC[-5]@@"int8_t"))@@8@@IF(OR(EXACT(RC[-5]@@"uint16_t")@@EXACT(RC[-5]@@"int16_t"))@@16@@IF(OR(EXACT(RC[-5]@@"uint32_t")@@EXACT(RC[-5]@@"int32_t")@@EXACT(RC[-5]@@"float"))@@32@@IF(EXACT(RC[-5]@@"double")@@64@@IF(EXACT(RC[-5]@@"raw")@@" "))))),NONE,,,,,,,,,,,,
,UART.RX.CMD_ACK,uint8_t,(uint8_t)gs_driver->info[1].rx.cmd_ack,uint8_t,=R[-1]C+INT((R[-1]C[1]+R[-1]C[2])/8),=MOD((R[-1]C+R[-1]C[1])@@8),=IF(OR(EXACT(RC[-5]@@"uint8_t")@@EXACT(RC[-5]@@"int8_t"))@@8@@IF(OR(EXACT(RC[-5]@@"uint16_t")@@EXACT(RC[-5]@@"int16_t"))@@16@@IF(OR(EXACT(RC[-5]@@"uint32_t")@@EXACT(RC[-5]@@"int32_t")@@EXACT(RC[-5]@@"float"))@@32@@IF(EXACT(RC[-5]@@"double")@@64@@IF(EXACT(RC[-5]@@"raw")@@" "))))),STATUS,,,,,,,0=SUCCESS@@ 1=FORWARDED@@ 2=LIST_FULL@@ 3=PACKET_NOT_FOUND@@ 4=INVALID_PACKET@@ 5=TLC_SUCCESS@@ 6=TLC_PAST_TIME@@ 7=TLC_ALREADY_EXISTS@@  8=BC_SUCCESS@@ 9=BC_INVALID_BLOCK_NO@@ 10=BC_ISORATED_CMD@@ 11=BC_CMD_TOO_LONG@@ 12=UNKNOWN,,,,,
,UART.TCTF.LAST_REC_TCTF_TYPE,uint8_t,(uint8_t)gs_driver->info[1].rx.tctf.last_rec_tctf_type,uint8_t,=R[-1]C+INT((R[-1]C[1]+R[-1]C[2])/8),=MOD((R[-1]C+R[-1]C[1])@@8),=IF(OR(EXACT(RC[-5]@@"uint8_t")@@EXACT(RC[-5]@@"int8_t"))@@8@@IF(OR(EXACT(RC[-5]@@"uint16_t")@@EXACT(RC[-5]@@"int16_t"))@@16@@IF(OR(EXACT(RC[-5]@@"uint32_t")@@EXACT(RC[-5]@@"int32_t")@@EXACT(RC[-5]@@"float"))@@32@@IF(EXACT(RC[-5]@@"double")@@64@@IF(EXACT(RC[-5]@@"raw")@@" "))))),STATUS,,,,,,,0=AD@@ 2=BD@@ 3=BC@@ *=UNKNOWN,,,,,
,UART.TCTF.AD_REC_STATUS,uint8_t,(uint8_t)gs_driver->info[1].rx.tctf.ad_rec_status,uint8_t,=R[-1]C+INT((R[-1]C[1]+R[-1]C[2])/8),=MOD((R[-1]C+R[-1]C[1])@@8),=IF(OR(EXACT(RC[-5]@@"uint8_t")@@EXACT(RC[-5]@@"int8_t"))@@8@@IF(OR(EXACT(RC[-5]@@"uint16_t")@@EXACT(RC[-5]@@"int16_t"))@@16@@IF(OR(EXACT(RC[-5]@@"uint32_t")@@EXACT(RC[-5]@@"int32_t")@@EXACT(RC[-5]@@"float"))@@32@@IF(EXACT(RC[-5]@@"double")@@64@@IF(EXACT(RC[-5]@@"raw")@@" "))))),STATUS,,,,,,,0=SUCCESS@@ 1=TCTF_VER@@ 2=TCTF_SCID@@ 3=TCTF_VCID@@ 4=TCTF_TYPE@@ 5=LOCKOUT@@ 6=TCTF_SEQ_FLAG@@ 7=TCP_VER@@ 8=TCP_2ND_HDR_FLAG@@ 9=APID@@ 10=TCP_TYPE_IS_NOT_CMD@@ 11=TCP_SEQ_IS_NOTE_SINGLE@@ 12=FECW_MISSMATCH@@ 13=FARM1_PWA@@ 14=FARM1_NWA@@ 15=FARM1_LOCKOUT_AREA@@ 16=FARM1_SAME_NUMBER@@ 17=INVALID_BC_CMD,,,,,
,UART.TCTF.BC_REC_STATUS,uint8_t,(uint8_t)gs_driver->info[1].rx.tctf.bc_rec_status,uint8_t,=R[-1]C+INT((R[-1]C[1]+R[-1]C[2])/8),=MOD((R[-1]C+R[-1]C[1])@@8),=IF(OR(EXACT(RC[-5]@@"uint8_t")@@EXACT(RC[-5]@@"int8_t"))@@8@@IF(OR(EXACT(RC[-5]@@"uint16_t")@@EXACT(RC[-5]@@"int16_t"))@@16@@IF(OR(EXACT(RC[-5]@@"uint32_t")@@EXACT(RC[-5]@@"int32_t")@@EXACT(RC[-5]@@"float"))@@32@@IF(EXACT(RC[-5]@@"double")@@64@@IF(EXACT(RC[-5]@@"raw")@@" "))))),STATUS,,,,,,,0=SUCCESS@@ 1=TCTF_VER@@ 2=TCTF_SCID@@ 3=TCTF_VCID@@ 4=TCTF_TYPE@@ 5=LOCKOUT@@ 6=TCTF_SEQ_FLAG@@ 7=TCP_VER@@ 8=TCP_2ND_HDR_FLAG@@ 9=APID@@ 10=TCP_TYPE_IS_NOT_CMD@@ 11=TCP_SEQ_IS_NOTE_SINGLE@@ 12=FECW_MISSMATCH@@ 13=FARM1_PWA@@ 14=FARM1_NWA@@ 15=FARM1_LOCKOUT_AREA@@ 16=FARM1_SAME_NUMBER@@ 17=INVALID_BC_CMD,,,,,
,UART.TCTF.BD_REC_STATUS,uint8_t,(uint8_t)gs_driver->info[1].rx.tctf.bd_rec_status,uint8_t,=R[-1]C+INT((R[-1]C[1]+R[-1]C[2])/8),=MOD((R[-1]C+R[-1]C[1])@@8),=IF(OR(EXACT(RC[-5]@@"uint8_t")@@EXACT(RC[-5]@@"int8_t"))@@8@@IF(OR(EXACT(RC[-5]@@"uint16_t")@@EXACT(RC[-5]@@"int16_t"))@@16@@IF(OR(EXACT(RC[-5]@@"uint32_t")@@EXACT(RC[-5]@@"int32_t")@@EXACT(RC[-5]@@"float"))@@32@@IF(EXACT(RC[-5]@@"double")@@64@@IF(EXACT(RC[-5]@@"raw")@@" "))))),STATUS,,,,,,,0=SUCCESS@@ 1=TCTF_VER@@ 2=TCTF_SCID@@ 3=TCTF_VCID@@ 4=TCTF_TYPE@@ 5=LOCKOUT@@ 6=TCTF_SEQ_FLAG@@ 7=TCP_VER@@ 8=TCP_2ND_HDR_FLAG@@ 9=APID@@ 10=TCP_TYPE_IS_NOT_CMD@@ 11=TCP_SEQ_IS_NOTE_SINGLE@@ 12=FECW_MISSMATCH@@ 13=FARM1_PWA@@ 14=FARM1_NWA@@ 15=FARM1_LOCKOUT_AREA@@ 16=FARM1_SAME_NUMBER@@ 17=INVALID_BC_CMD,,,,,
,UART.TX.SEND_CYCLE,uint32_t,(uint32_t)gs_driver->info[1].tx.send_cycle,uint32_t,=R[-1]C+INT((R[-1]C[1]+R[-1]C[2])/8),=MOD((R[-1]C+R[-1]C[1])@@8),=IF(OR(EXACT(RC[-5]@@"uint8_t")@@EXACT(RC[-5]@@"int8_t"))@@8@@IF(OR(EXACT(RC[-5]@@"uint16_t")@@EXACT(RC[-5]@@"int16_t"))@@16@@IF(OR(EXACT(RC[-5]@@"uint32_t")@@EXACT(RC[-5]@@"int32_t")@@EXACT(RC[-5]@@"float"))@@32@@IF(EXACT(RC[-5]@@"double")@@64@@IF(EXACT(RC[-5]@@"raw")@@" "))))),NONE,,,,,,,,,,,,
,UART.TX.VCID,uint8_t,(uint8_t)gs_driver->info[1].tx.vcid,uint8_t,=R[-1]C+INT((R[-1]C[1]+R[-1]C[2])/8),=MOD((R[-1]C+R[-1]C[1])@@8),=IF(OR(EXACT(RC[-5]@@"uint8_t")@@EXACT(RC[-5]@@"int8_t"))@@8@@IF(OR(EXACT(RC[-5]@@"uint16_t")@@EXACT(RC[-5]@@"int16_t"))@@16@@IF(OR(EXACT(RC[-5]@@"uint32_t")@@EXACT(RC[-5]@@"int32_t")@@EXACT(RC[-5]@@"float"))@@32@@IF(EXACT(RC[-5]@@"double")@@64@@IF(EXACT(RC[-5]@@"raw")@@" "))))),STATUS,,,,,,,1=REALTIME@@2=REPLAY@@63=FILL@@*=UNKNOWN,,,,,
,UART.TX.AOSTF_COUNTER,uint32_t,gs_driver->info[1].tx.aostf_counter,uint32_t,=R[-1]C+INT((R[-1]C[1]+R[-1]C[2])/8),=MOD((R[-1]C+R[-1]C[1])@@8),=IF(OR(EXACT(RC[-5]@@"uint8_t")@@EXACT(RC[-5]@@"int8_t"))@@8@@IF(OR(EXACT(RC[-5]@@"uint16_t")@@EXACT(RC[-5]@@"int16_t"))@@16@@IF(OR(EXACT(RC[-5]@@"uint32_t")@@EXACT(RC[-5]@@"int32_t")@@EXACT(RC[-5]@@"float"))@@32@@IF(EXACT(RC[-5]@@"double")@@64@@IF(EXACT(RC[-5]@@"raw")@@" "))))),NONE,,,,,,,,,,,,
,UART.IS_TLM_ON,uint8_t,gs_driver->driver_uart.is_tlm_on,uint8_t,=R[-1]C+INT((R[-1]C[1]+R[-1]C[2])/8),=MOD((R[-1]C+R[-1]C[1])@@8),=IF(OR(EXACT(RC[-5]@@"uint8_t")@@EXACT(RC[-5]@@"int8_t"))@@8@@IF(OR(EXACT(RC[-5]@@"uint16_t")@@EXACT(RC[-5]@@"int16_t"))@@16@@IF(OR(EXACT(RC[-5]@@"uint32_t")@@EXACT(RC[-5]@@"int32_t")@@EXACT(RC[-5]@@"float"))@@32@@IF(EXACT(RC[-5]@@"double")@@64@@IF(EXACT(RC[-5]@@"raw")@@" "))))),STATUS,,,,,,,0=OFF@@ 1=ON,,,,,
,COP-1.TYPE_A_COUNTER,uint8_t,gs_validate_info->type_a_counter,uint8_t,=R[-1]C+INT((R[-1]C[1]+R[-1]C[2])/8),=MOD((R[-1]C+R[-1]C[1])@@8),=IF(OR(EXACT(RC[-5]@@"uint8_t")@@EXACT(RC[-5]@@"int8_t"))@@8@@IF(OR(EXACT(RC[-5]@@"uint16_t")@@EXACT(RC[-5]@@"int16_t"))@@16@@IF(OR(EXACT(RC[-5]@@"uint32_t")@@EXACT(RC[-5]@@"int32_t")@@EXACT(RC[-5]@@"float"))@@32@@IF(EXACT(RC[-5]@@"double")@@64@@IF(EXACT(RC[-5]@@"raw")@@" "))))),NONE,,,,,,,,,,,,
,COP-1.TYPE_B_COUNTER,uint8_t,gs_validate_info->type_b_counter,uint8_t,=R[-1]C+INT((R[-1]C[1]+R[-1]C[2])/8),=MOD((R[-1]C+R[-1]C[1])@@8),=IF(OR(EXACT(RC[-5]@@"uint8_t")@@EXACT(RC[-5]@@"int8_t"))@@8@@IF(OR(EXACT(RC[-5]@@"uint16_t")@@EXACT(RC[-5]@@"int16_t"))@@16@@IF(OR(EXACT(RC[-5]@@"uint32_t")@@EXACT(RC[-5]@@"int32_t")@@EXACT(RC[-5]@@"float"))@@32@@IF(EXACT(RC[-5]@@"double")@@64@@IF(EXACT(RC[-5]@@"raw")@@" "))))),NONE,,,,,,,,,,,,
,COP-1.LOCKOUT_FLAG,uint8_t,gs_validate_info->lockout_flag,uint8_t,=R[-1]C+INT((R[-1]C[1]+R[-1]C[2])/8),=MOD((R[-1]C+R[-1]C[1])@@8),=IF(OR(EXACT(RC[-5]@@"uint8_t")@@EXACT(RC[-5]@@"int8_t"))@@8@@IF(OR(EXACT(RC[-5]@@"uint16_t")@@EXACT(RC[-5]@@"int16_t"))@@16@@IF(OR(EXACT(RC[-5]@@"uint32_t")@@EXACT(RC[-5]@@"int32_t")@@EXACT(RC[-5]@@"float"))@@32@@IF(EXACT(RC[-5]@@"double")@@64@@IF(EXACT(RC[-5]@@"raw")@@" "))))),NONE,,,,,,,,,,,,
,COP-1.RETRANSMIT_FLAG,uint8_t,gs_validate_info->retransmit_flag,uint8_t,=R[-1]C+INT((R[-1]C[1]+R[-1]C[2])/8),=MOD((R[-1]C+R[-1]C[1])@@8),=IF(OR(EXACT(RC[-5]@@"uint8_t")@@EXACT(RC[-5]@@"int8_t"))@@8@@IF(OR(EXACT(RC[-5]@@"uint16_t")@@EXACT(RC[-5]@@"int16_t"))@@16@@IF(OR(EXACT(RC[-5]@@"uint32_t")@@EXACT(RC[-5]@@"int32_t")@@EXACT(RC[-5]@@"float"))@@32@@IF(EXACT(RC[-5]@@"double")@@64@@IF(EXACT(RC[-5]@@"raw")@@" "))))),NONE,,,,,,,,,,,,
,COP-1.POSITIVE_WINDOW_WIDTH,uint8_t,gs_validate_info->positive_window_width,uint8_t,=R[-1]C+INT((R[-1]C[1]+R[-1]C[2])/8),=MOD((R[-1]C+R[-1]C[1])@@8),=IF(OR(EXACT(RC[-5]@@"uint8_t")@@EXACT(RC[-5]@@"int8_t"))@@8@@IF(OR(EXACT(RC[-5]@@"uint16_t")@@EXACT(RC[-5]@@"int16_t"))@@16@@IF(OR(EXACT(RC[-5]@@"uint32_t")@@EXACT(RC[-5]@@"int32_t")@@EXACT(RC[-5]@@"float"))@@32@@IF(EXACT(RC[-5]@@"double")@@64@@IF(EXACT(RC[-5]@@"raw")@@" "))))),NONE,,,,,,,,,,,,
,RT_TLM.AOSTF.FLUSH_INTERVAL,uint32_t,(uint32_t)CSRV_GS_rt_tlm_packet_handler->tc_packet_to_m_pdu.flush_interval,uint32_t,=R[-1]C+INT((R[-1]C[1]+R[-1]C[2])/8),=MOD((R[-1]C+R[-1]C[1])@@8),=IF(OR(EXACT(RC[-5]@@"uint8_t")@@EXACT(RC[-5]@@"int8_t"))@@8@@IF(OR(EXACT(RC[-5]@@"uint16_t")@@EXACT(RC[-5]@@"int16_t"))@@16@@IF(OR(EXACT(RC[-5]@@"uint32_t")@@EXACT(RC[-5]@@"int32_t")@@EXACT(RC[-5]@@"float"))@@32@@IF(EXACT(RC[-5]@@"double")@@64@@IF(EXACT(RC[-5]@@"raw")@@" "))))),NONE,,,,,,,,,,,,
,RT_TLM.AOSTF.LAST_UPDATED,uint32_t,(uint32_t)CSRV_GS_rt_tlm_packet_handler->tc_packet_to_m_pdu.last_updated,uint32_t,=R[-1]C+INT((R[-1]C[1]+R[-1]C[2])/8),=MOD((R[-1]C+R[-1]C[1])@@8),=IF(OR(EXACT(RC[-5]@@"uint8_t")@@EXACT(RC[-5]@@"int8_t"))@@8@@IF(OR(EXACT(RC[-5]@@"uint16_t")@@EXACT(RC[-5]@@"int16_t"))@@16@@IF(OR(EXACT(RC[-5]@@"uint32_t")@@EXACT(RC[-5]@@"int32_t")@@EXACT(RC[-5]@@"float"))@@32@@IF(EXACT(RC[-5]@@"double")@@64@@IF(EXACT(RC[-5]@@"raw")@@" "))))),NONE,,,,,,,,,,,,
,RT_TLM.AOSTF.COUNTER,uint32_t,(uint32_t)CSRV_GS_rt_tlm_packet_handler->aostf_counter,uint32_t,=R[-1]C+INT((R[-1]C[1]+R[-1]C[2])/8),=MOD((R[-1]C+R[-1]C[1])@@8),=IF(OR(EXACT(RC[-5]@@"uint8_t")@@EXACT(RC[-5]@@"int8_t"))@@8@@IF(OR(EXACT(RC[-5]@@"uint16_t")@@EXACT(RC[-5]@@"int16_t"))@@16@@IF(OR(EXACT(RC[-5]@@"uint32_t")@@EXACT(RC[-5]@@"int32_t")@@EXACT(RC[-5]@@"float"))@@32@@IF(EXACT(RC[-5]@@"double")@@64@@IF(EXACT(RC[-5]@@"raw")@@" "))))),NONE,,,,,,,,,,,,
,RP_TLM.AOSTF.FLUSH_INTERVAL,uint32_t,(uint32_t)CSRV_GS_rp_tlm_packet_handler->tc_packet_to_m_pdu.flush_interval,uint32_t,=R[-1]C+INT((R[-1]C[1]+R[-1]C[2])/8),=MOD((R[-1]C+R[-1]C[1])@@8),=IF(OR(EXACT(RC[-5]@@"uint8_t")@@EXACT(RC[-5]@@"int8_t"))@@8@@IF(OR(EXACT(RC[-5]@@"uint16_t")@@EXACT(RC[-5]@@"int16_t"))@@16@@IF(OR(EXACT(RC[-5]@@"uint32_t")@@EXACT(RC[-5]@@"int32_t")@@EXACT(RC[-5]@@"float"))@@32@@IF(EXACT(RC[-5]@@"double")@@64@@IF(EXACT(RC[-5]@@"raw")@@" "))))),NONE,,,,,,,,,,,,
,RP_TLM.AOSTF.LAST_UPDATED,uint32_t,(uint32_t)CSRV_GS_rp_tlm_packet_handler->tc_packet_to_m_pdu.last_updated,uint32_t,=R[-1]C+INT((R[-1]C[1]+R[-1]C[2])/8),=MOD((R[-1]C+R[-1]C[1])@@8),=IF(OR(EXACT(RC[-5]@@"uint8_t")@@EXACT(RC[-5]@@"int8_t"))@@8@@IF(OR(EXACT(RC[-5]@@"uint16_t")@@EXACT(RC[-5]@@"int16_t"))@@16@@IF(OR(EXACT(RC[-5]@@"uint32_t")@@EXACT(RC[-5]@@"int32_t")@@EXACT(RC[-5]@@"float"))@@32@@IF(EXACT(RC[-5]@@"double")@@64@@IF(EXACT(RC[-5]@@"raw")@@" "))))),NONE,,,,,,,,,,,,
,RP_TLM.AOSTF.COUNTER,uint32_t,(uint32_t)CSRV_GS_rp_tlm_packet_handler->aostf_counter,uint32_t,=R[-1]C+INT((R[-1]C[1]+R[-1]C[2])/8),=MOD((R[-1]C+R[-1]C[1])@@8),=IF(OR(EXACT(RC[-5]@@"uint8_t")@@EXACT(RC[-5]@@"int8_t"))@@8@@IF(OR(EXACT(RC[-5]@@"uint16_t")@@EXACT(RC[-5]@@"int16_t"))@@16@@IF(OR(EXACT(RC[-5]@@"uint32_t")@@EXACT(RC[-5]@@"int32_t")@@EXACT(RC[-5]@@"float"))@@32@@IF(EXACT(RC[-5]@@"double")@@64@@IF(EXACT(RC[-5]@@"raw")@@" "))))),NONE,,,,,,,,,,,,
,,,,,,,,,,,,,,,,,,,,
,,,,,,,,,,,,,,,,,,,,
,,,,,,,,,,,,,,,,,,,,
,,,,,,,,,,,,,,,,,,,,
,,,,,,,,,,,,,,,,,,,,
,,,,,,,,,,,,,,,,,,,,
,,,,,,,,,,,,,,,,,,,,
,,,,,,,,,,,,,,,,,,,,
,,,,,,,,,,,,,,,,,,,,
,,,,,,,,,,,,,,,,,,,,
,,,,,,,,,,,,,,,,,,,,
,,,,,,,,,,,,,,,,,,,,
,,,,,,,,,,,,,,,,,,,,
,,,,,,,,,,,,,,,,,,,,
,,,,,,,,,,,,,,,,,,,,
,,,,,,,,,,,,,,,,,,,,
,,,,,,,,,,,,,,,,,,,,
,,,,,,,,,,,,,,,,,,,,
,,,,,,,,,,,,,,,,,,,,
,,,,,,,,,,,,,,,,,,,,
,,,,,,,,,,,,,,,,,,,,
,,,,,,,,,,,,,,,,,,,,
,,,,,,,,,,,,,,,,,,,,
,,,,,,,,,,,,,,,,,,,,
,,,,,,,,,,,,,,,,,,,,
,,,,,,,,,,,,,,,,,,,,
,,,,,,,,,,,,,,,,,,,,
,,,,,,,,,,,,,,,,,,,,
,,,,,,,,,,,,,,,,,,,,
,,,,,,,,,,,,,,,,,,,,
,,,,,,,,,,,,,,,,,,,,
,,,,,,,,,,,,,,,,,,,,
,,,,,,,,,,,,,,,,,,,,
,,,,,,,,,,,,,,,,,,,,
,,,,,,,,,,,,,,,,,,,,
,,,,,,,,,,,,,,,,,,,,
,,,,,,,,,,,,,,,,,,,,
,,,,,,,,,,,,,,,,,,,,
,,,,,,,,,,,,,,,,,,,,
,,,,,,,,,,,,,,,,,,,,
,,,,,,,,,,,,,,,,,,,,
,,,,,,,,,,,,,,,,,,,,
,,,,,,,,,,,,,,,,,,,,
,,,,,,,,,,,,,,,,,,,,
,,,,,,,,,,,,,,,,,,,,
,,,,,,,,,,,,,,,,,,,,
,,,,,,,,,,,,,,,,,,,,
,,,,,,,,,,,,,,,,,,,,
,,,,,,,,,,,,,,,,,,,,
,,,,,,,,,,,,,,,,,,,,
,,,,,,,,,,,,,,,,,,,,
,,,,,,,,,,,,,,,,,,,,
,,,,,,,,,,,,,,,,,,,,
,,,,,,,,,,,,,,,,,,,,
,,,,,,,,,,,,,,,,,,,,
,,,,,,,,,,,,,,,,,,,,
,,,,,,,,,,,,,,,,,,,,
,,,,,,,,,,,,,,,,,,,,
,,,,,,,,,,,,,,,,,,,,
,,,,,,,,,,,,,,,,,,,,
,,,,,,,,,,,,,,,,,,,,
,,,,,,,,,,,,,,,,,,,,
,,,,,,,,,,,,,,,,,,,,
,,,,,,,,,,,,,,,,,,,,
,,,,,,,,,,,,,,,,,,,,
,,,,,,,,,,,,,,,,,,,,
,,,,,,,,,,,,,,,,,,,,
,,,,,,,,,,,,,,,,,,,,
,,,,,,,,,,,,,,,,,,,,
,,,,,,,,,,,,,,,,,,,,
,,,,,,,,,,,,,,,,,,,,
,,,,,,,,,,,,,,,,,,,,
,,,,,,,,,,,,,,,,,,,,
,,,,,,,,,,,,,,,,,,,,
,,,,,,,,,,,,,,,,,,,,
,,,,,,,,,,,,,,,,,,,,
,,,,,,,,,,,,,,,,,,,,
,,,,,,,,,,,,,,,,,,,,
,,,,,,,,,,,,,,,,,,,,
,,,,,,,,,,,,,,,,,,,,
,,,,,,,,,,,,,,,,,,,,
,,,,,,,,,,,,,,,,,,,,
,,,,,,,,,,,,,,,,,,,,
,,,,,,,,,,,,,,,,,,,,
,,,,,,,,,,,,,,,,,,,,
,,,,,,,,,,,,,,,,,,,,
,,,,,,,,,,,,,,,,,,,,
,,,,,,,,,,,,,,,,,,,,
,,,,,,,,,,,,,,,,,,,,
,,,,,,,,,,,,,,,,,,,,
,,,,,,,,,,,,,,,,,,,,
,,,,,,,,,,,,,,,,,,,,
,,,,,,,,,,,,,,,,,,,,
,,,,,,,,,,,,,,,,,,,,
,,,,,,,,,,,,,,,,,,,,
,,,,,,,,,,,,,,,,,,,,
,,,,,,,,,,,,,,,,,,,,
,,,,,,,,,,,,,,,,,,,,
,,,,,,,,,,,,,,,,,,,,
,,,,,,,,,,,,,,,,,,,,
,,,,,,,,,,,,,,,,,,,,
,,,,,,,,,,,,,,,,,,,,
,,,,,,,,,,,,,,,,,,,,
,,,,,,,,,,,,,,,,,,,,
,,,,,,,,,,,,,,,,,,,,
,,,,,,,,,,,,,,,,,,,,
,,,,,,,,,,,,,,,,,,,,
,,,,,,,,,,,,,,,,,,,,
,,,,,,,,,,,,,,,,,,,,
,,,,,,,,,,,,,,,,,,,,
,,,,,,,,,,,,,,,,,,,,
,,,,,,,,,,,,,,,,,,,,
,,,,,,,,,,,,,,,,,,,,
,,,,,,,,,,,,,,,,,,,,
,,,,,,,,,,,,,,,,,,,,
,,,,,,,,,,,,,,,,,,,,
,,,,,,,,,,,,,,,,,,,,
,,,,,,,,,,,,,,,,,,,,
,,,,,,,,,,,,,,,,,,,,
,,,,,,,,,,,,,,,,,,,,
,,,,,,,,,,,,,,,,,,,,
,,,,,,,,,,,,,,,,,,,,
,,,,,,,,,,,,,,,,,,,,
,,,,,,,,,,,,,,,,,,,,
,,,,,,,,,,,,,,,,,,,,
,,,,,,,,,,,,,,,,,,,,
,,,,,,,,,,,,,,,,,,,,
,,,,,,,,,,,,,,,,,,,,
,,,,,,,,,,,,,,,,,,,,
,,,,,,,,,,,,,,,,,,,,
,,,,,,,,,,,,,,,,,,,,
,,,,,,,,,,,,,,,,,,,,
,,,,,,,,,,,,,,,,,,,,
,,,,,,,,,,,,,,,,,,,,
,,,,,,,,,,,,,,,,,,,,
,,,,,,,,,,,,,,,,,,,,
,,,,,,,,,,,,,,,,,,,,
,,,,,,,,,,,,,,,,,,,,
,,,,,,,,,,,,,,,,,,,,
,,,,,,,,,,,,,,,,,,,,
,,,,,,,,,,,,,,,,,,,,
,,,,,,,,,,,,,,,,,,,,
,,,,,,,,,,,,,,,,,,,,
,,,,,,,,,,,,,,,,,,,,
,,,,,,,,,,,,,,,,,,,,
,,,,,,,,,,,,,,,,,,,,
,,,,,,,,,,,,,,,,,,,,
,,,,,,,,,,,,,,,,,,,,
,,,,,,,,,,,,,,,,,,,,
,,,,,,,,,,,,,,,,,,,,
,,,,,,,,,,,,,,,,,,,,
,,,,,,,,,,,,,,,,,,,,
,,,,,,,,,,,,,,,,,,,,
,,,,,,,,,,,,,,,,,,,,
,,,,,,,,,,,,,,,,,,,,
,,,,,,,,,,,,,,,,,,,,
,,,,,,,,,,,,,,,,,,,,
,,,,,,,,,,,,,,,,,,,,
,,,,,,,,,,,,,,,,,,,,
,,,,,,,,,,,,,,,,,,,,
,,,,,,,,,,,,,,,,,,,,
,,,,,,,,,,,,,,,,,,,,
,,,,,,,,,,,,,,,,,,,,
,,,,,,,,,,,,,,,,,,,,
,,,,,,,,,,,,,,,,,,,,
,,,,,,,,,,,,,,,,,,,,
,,,,,,,,,,,,,,,,,,,,
,,,,,,,,,,,,,,,,,,,,
,,,,,,,,,,,,,,,,,,,,
,,,,,,,,,,,,,,,,,,,,
,,,,,,,,,,,,,,,,,,,,
,,,,,,,,,,,,,,,,,,,,
,,,,,,,,,,,,,,,,,,,,
,,,,,,,,,,,,,,,,,,,,
,,,,,,,,,,,,,,,,,,,,
,,,,,,,,,,,,,,,,,,,,
,,,,,,,,,,,,,,,,,,,,
,,,,,,,,,,,,,,,,,,,,
,,,,,,,,,,,,,,,,,,,,
,,,,,,,,,,,,,,,,,,,,
,,,,,,,,,,,,,,,,,,,,
,,,,,,,,,,,,,,,,,,,,
,,,,,,,,,,,,,,,,,,,,
,,,,,,,,,,,,,,,,,,,,
,,,,,,,,,,,,,,,,,,,,
,,,,,,,,,,,,,,,,,,,,
,,,,,,,,,,,,,,,,,,,,
,,,,,,,,,,,,,,,,,,,,
,,,,,,,,,,,,,,,,,,,,
,,,,,,,,,,,,,,,,,,,,
,,,,,,,,,,,,,,,,,,,,
,,,,,,,,,,,,,,,,,,,,
,,,,,,,,,,,,,,,,,,,,
,,,,,,,,,,,,,,,,,,,,
,,,,,,,,,,,,,,,,,,,,
,,,,,,,,,,,,,,,,,,,,
,,,,,,,,,,,,,,,,,,,,
,,,,,,,,,,,,,,,,,,,,
,,,,,,,,,,,,,,,,,,,,
,,,,,,,,,,,,,,,,,,,,
,,,,,,,,,,,,,,,,,,,,
,,,,,,,,,,,,,,,,,,,,
,,,,,,,,,,,,,,,,,,,,
,,,,,,,,,,,,,,,,,,,,
,,,,,,,,,,,,,,,,,,,,
,,,,,,,,,,,,,,,,,,,,
,,,,,,,,,,,,,,,,,,,,
,,,,,,,,,,,,,,,,,,,,
,,,,,,,,,,,,,,,,,,,,
,,,,,,,,,,,,,,,,,,,,
,,,,,,,,,,,,,,,,,,,,
,,,,,,,,,,,,,,,,,,,,
,,,,,,,,,,,,,,,,,,,,
,,,,,,,,,,,,,,,,,,,,
,,,,,,,,,,,,,,,,,,,,
,,,,,,,,,,,,,,,,,,,,
,,,,,,,,,,,,,,,,,,,,
,,,,,,,,,,,,,,,,,,,,
,,,,,,,,,,,,,,,,,,,,
,,,,,,,,,,,,,,,,,,,,
,,,,,,,,,,,,,,,,,,,,
,,,,,,,,,,,,,,,,,,,,
,,,,,,,,,,,,,,,,,,,,
,,,,,,,,,,,,,,,,,,,,
,,,,,,,,,,,,,,,,,,,,
,,,,,,,,,,,,,,,,,,,,
,,,,,,,,,,,,,,,,,,,,
,,,,,,,,,,,,,,,,,,,,
,,,,,,,,,,,,,,,,,,,,
,,,,,,,,,,,,,,,,,,,,
,,,,,,,,,,,,,,,,,,,,
,,,,,,,,,,,,,,,,,,,,
,,,,,,,,,,,,,,,,,,,,
,,,,,,,,,,,,,,,,,,,,
,,,,,,,,,,,,,,,,,,,,
,,,,,,,,,,,,,,,,,,,,
,,,,,,,,,,,,,,,,,,,,
,,,,,,,,,,,,,,,,,,,,
,,,,,,,,,,,,,,,,,,,,
,,,,,,,,,,,,,,,,,,,,
,,,,,,,,,,,,,,,,,,,,
,,,,,,,,,,,,,,,,,,,,
,,,,,,,,,,,,,,,,,,,,
,,,,,,,,,,,,,,,,,,,,
,,,,,,,,,,,,,,,,,,,,
,,,,,,,,,,,,,,,,,,,,
,,,,,,,,,,,,,,,,,,,,
,,,,,,,,,,,,,,,,,,,,
,,,,,,,,,,,,,,,,,,,,
,,,,,,,,,,,,,,,,,,,,
,,,,,,,,,,,,,,,,,,,,
,,,,,,,,,,,,,,,,,,,,
,,,,,,,,,,,,,,,,,,,,
,,,,,,,,,,,,,,,,,,,,
,,,,,,,,,,,,,,,,,,,,
,,,,,,,,,,,,,,,,,,,,
,,,,,,,,,,,,,,,,,,,,
,,,,,,,,,,,,,,,,,,,,
,,,,,,,,,,,,,,,,,,,,
,,,,,,,,,,,,,,,,,,,,
,,,,,,,,,,,,,,,,,,,,
,,,,,,,,,,,,,,,,,,,,
,,,,,,,,,,,,,,,,,,,,
,,,,,,,,,,,,,,,,,,,,
,,,,,,,,,,,,,,,,,,,,
,,,,,,,,,,,,,,,,,,,,
,,,,,,,,,,,,,,,,,,,,
,,,,,,,,,,,,,,,,,,,,
,,,,,,,,,,,,,,,,,,,,
,,,,,,,,,,,,,,,,,,,,
,,,,,,,,,,,,,,,,,,,,
,,,,,,,,,,,,,,,,,,,,
,,,,,,,,,,,,,,,,,,,,
,,,,,,,,,,,,,,,,,,,,
,,,,,,,,,,,,,,,,,,,,
,,,,,,,,,,,,,,,,,,,,
,,,,,,,,,,,,,,,,,,,,
,,,,,,,,,,,,,,,,,,,,
,,,,,,,,,,,,,,,,,,,,
,,,,,,,,,,,,,,,,,,,,
,,,,,,,,,,,,,,,,,,,,
,,,,,,,,,,,,,,,,,,,,
,,,,,,,,,,,,,,,,,,,,
,,,,,,,,,,,,,,,,,,,,
,,,,,,,,,,,,,,,,,,,,
,,,,,,,,,,,,,,,,,,,,
,,,,,,,,,,,,,,,,,,,,
,,,,,,,,,,,,,,,,,,,,
,,,,,,,,,,,,,,,,,,,,
,,,,,,,,,,,,,,,,,,,,
,,,,,,,,,,,,,,,,,,,,
,,,,,,,,,,,,,,,,,,,,
,,,,,,,,,,,,,,,,,,,,
,,,,,,,,,,,,,,,,,,,,
,,,,,,,,,,,,,,,,,,,,
,,,,,,,,,,,,,,,,,,,,
,,,,,,,,,,,,,,,,,,,,
,,,,,,,,,,,,,,,,,,,,
,,,,,,,,,,,,,,,,,,,,
,,,,,,,,,,,,,,,,,,,,
,,,,,,,,,,,,,,,,,,,,
,,,,,,,,,,,,,,,,,,,,
,,,,,,,,,,,,,,,,,,,,
,,,,,,,,,,,,,,,,,,,,
,,,,,,,,,,,,,,,,,,,,
,,,,,,,,,,,,,,,,,,,,
,,,,,,,,,,,,,,,,,,,,
,,,,,,,,,,,,,,,,,,,,
,,,,,,,,,,,,,,,,,,,,
,,,,,,,,,,,,,,,,,,,,
,,,,,,,,,,,,,,,,,,,,
,,,,,,,,,,,,,,,,,,,,
,,,,,,,,,,,,,,,,,,,,
,,,,,,,,,,,,,,,,,,,,
,,,,,,,,,,,,,,,,,,,,
,,,,,,,,,,,,,,,,,,,,
,,,,,,,,,,,,,,,,,,,,
,,,,,,,,,,,,,,,,,,,,
,,,,,,,,,,,,,,,,,,,,
,,,,,,,,,,,,,,,,,,,,
,,,,,,,,,,,,,,,,,,,,
,,,,,,,,,,,,,,,,,,,,
,,,,,,,,,,,,,,,,,,,,
,,,,,,,,,,,,,,,,,,,,
,,,,,,,,,,,,,,,,,,,,
,,,,,,,,,,,,,,,,,,,,
,,,,,,,,,,,,,,,,,,,,
,,,,,,,,,,,,,,,,,,,,
,,,,,,,,,,,,,,,,,,,,
,,,,,,,,,,,,,,,,,,,,
,,,,,,,,,,,,,,,,,,,,
,,,,,,,,,,,,,,,,,,,,
,,,,,,,,,,,,,,,,,,,,
,,,,,,,,,,,,,,,,,,,,
,,,,,,,,,,,,,,,,,,,,
,,,,,,,,,,,,,,,,,,,,
,,,,,,,,,,,,,,,,,,,,
,,,,,,,,,,,,,,,,,,,,
,,,,,,,,,,,,,,,,,,,,
,,,,,,,,,,,,,,,,,,,,
,,,,,,,,,,,,,,,,,,,,
,,,,,,,,,,,,,,,,,,,,
,,,,,,,,,,,,,,,,,,,,
,,,,,,,,,,,,,,,,,,,,
,,,,,,,,,,,,,,,,,,,,
,,,,,,,,,,,,,,,,,,,,
,,,,,,,,,,,,,,,,,,,,
,,,,,,,,,,,,,,,,,,,,
,,,,,,,,,,,,,,,,,,,,
,,,,,,,,,,,,,,,,,,,,
,,,,,,,,,,,,,,,,,,,,
,,,,,,,,,,,,,,,,,,,,
,,,,,,,,,,,,,,,,,,,,
,,,,,,,,,,,,,,,,,,,,
,,,,,,,,,,,,,,,,,,,,
,,,,,,,,,,,,,,,,,,,,
,,,,,,,,,,,,,,,,,,,,
,,,,,,,,,,,,,,,,,,,,
,,,,,,,,,,,,,,,,,,,,
,,,,,,,,,,,,,,,,,,,,
,,,,,,,,,,,,,,,,,,,,
,,,,,,,,,,,,,,,,,,,,
,,,,,,,,,,,,,,,,,,,,
,,,,,,,,,,,,,,,,,,,,
,,,,,,,,,,,,,,,,,,,,
,,,,,,,,,,,,,,,,,,,,
,,,,,,,,,,,,,,,,,,,,
,,,,,,,,,,,,,,,,,,,,
,,,,,,,,,,,,,,,,,,,,
,,,,,,,,,,,,,,,,,,,,
,,,,,,,,,,,,,,,,,,,,
,,,,,,,,,,,,,,,,,,,,
,,,,,,,,,,,,,,,,,,,,
,,,,,,,,,,,,,,,,,,,,
,,,,,,,,,,,,,,,,,,,,
,,,,,,,,,,,,,,,,,,,,
,,,,,,,,,,,,,,,,,,,,
,,,,,,,,,,,,,,,,,,,,
,,,,,,,,,,,,,,,,,,,,
,,,,,,,,,,,,,,,,,,,,
,,,,,,,,,,,,,,,,,,,,
,,,,,,,,,,,,,,,,,,,,
,,,,,,,,,,,,,,,,,,,,
,,,,,,,,,,,,,,,,,,,,
,,,,,,,,,,,,,,,,,,,,
,,,,,,,,,,,,,,,,,,,,
,,,,,,,,,,,,,,,,,,,,
,,,,,,,,,,,,,,,,,,,,
,,,,,,,,,,,,,,,,,,,,
,,,,,,,,,,,,,,,,,,,,
,,,,,,,,,,,,,,,,,,,,
,,,,,,,,,,,,,,,,,,,,
,,,,,,,,,,,,,,,,,,,,
,,,,,,,,,,,,,,,,,,,,
,,,,,,,,,,,,,,,,,,,,
,,,,,,,,,,,,,,,,,,,,
,,,,,,,,,,,,,,,,,,,,
,,,,,,,,,,,,,,,,,,,,
,,,,,,,,,,,,,,,,,,,,
,,,,,,,,,,,,,,,,,,,,
,,,,,,,,,,,,,,,,,,,,
,,,,,,,,,,,,,,,,,,,,
,,,,,,,,,,,,,,,,,,,,
,,,,,,,,,,,,,,,,,,,,
,,,,,,,,,,,,,,,,,,,,
,,,,,,,,,,,,,,,,,,,,
,,,,,,,,,,,,,,,,,,,,
,,,,,,,,,,,,,,,,,,,,
,,,,,,,,,,,,,,,,,,,,
,,,,,,,,,,,,,,,,,,,,
,,,,,,,,,,,,,,,,,,,,
,,,,,,,,,,,,,,,,,,,,
,,,,,,,,,,,,,,,,,,,,
,,,,,,,,,,,,,,,,,,,,
,,,,,,,,,,,,,,,,,,,,
,,,,,,,,,,,,,,,,,,,,
,,,,,,,,,,,,,,,,,,,,
,,,,,,,,,,,,,,,,,,,,
,,,,,,,,,,,,,,,,,,,,
,,,,,,,,,,,,,,,,,,,,
,,,,,,,,,,,,,,,,,,,,
,,,,,,,,,,,,,,,,,,,,
,,,,,,,,,,,,,,,,,,,,
,,,,,,,,,,,,,,,,,,,,
,,,,,,,,,,,,,,,,,,,,
,,,,,,,,,,,,,,,,,,,,
,,,,,,,,,,,,,,,,,,,,
,,,,,,,,,,,,,,,,,,,,
,,,,,,,,,,,,,,,,,,,,
,,,,,,,,,,,,,,,,,,,,
,,,,,,,,,,,,,,,,,,,,
,,,,,,,,,,,,,,,,,,,,
,,,,,,,,,,,,,,,,,,,,
,,,,,,,,,,,,,,,,,,,,
,,,,,,,,,,,,,,,,,,,,
,,,,,,,,,,,,,,,,,,,,
